time,P3-111/A_PT_341,P3-111/A_PT_341_lower,P3-111/A_PT_341_upper,P3-111/A_TT_341,P3-111/A_TT_341_lower,P3-111/A_TT_341_upper,P3-111/A_VT_341,P3-111/A_VT_341_lower,P3-111/A_VT_341_upper,P3-111/A_VT_342,P3-111/A_VT_342_lower,P3-111/A_VT_342_upper,P3-111/A_VT_343,P3-111/A_VT_343_lower,P3-111/A_VT_343_upper
2024-03-31 18:06:00,8.730023546208281,-0.2653843558343034,20.83346866941169,36.694077841341404,16.097269271172312,77.00861466846608,6.2246927624197745,1.872708347691317,8.412017186898364,2.7222811873320136,0.2107025361577981,5.138819582636648,0.8055707710535835,0.1422092173470655,4.152366455517722
2024-04-01 18:06:00,13.995046411884408,-0.8875636560454883,21.467739192601485,48.489234085781526,10.655975468854972,74.32066435341251,3.9611919375048297,1.3783845372686223,8.064706721374492,3.8918772013013925,0.0874552527693701,5.231024404284473,0.5859779618343368,-0.1066258353692268,4.102996423751099
2024-04-02 18:06:00,12.483560369691261,-1.1267478441434875,21.82804949434913,50.848328264192254,10.971001724787552,74.9316727993427,4.068399266351826,0.9164192010435088,7.611023684836365,1.5543404902947382,-0.1283903638299826,5.062594296773435,1.419881347570831,-0.3209115514483662,3.911051858313833
2024-04-03 18:06:00,-2.5718251136634045,-11.705310586927428,11.759735758135722,4.686120622991055,-23.98848514832225,40.01973806469148,3.3988562153400914,-2.4501717384703823,4.245231617289681,-0.5323985996744955,-2.3291019473430525,2.888571658714757,0.3381106789546148,-1.6575002446269351,2.577814690052244
2024-04-04 18:06:00,5.8278599305042995,-3.489571108861228,20.46450301274531,32.20396836415838,6.263006059664377,70.28898164998705,5.334018721018741,1.2687362647111795,7.964303030334603,0.6638669322688213,-0.1963050103529995,5.044199011160661,1.423810248651048,-0.2862858969052952,3.949890776981332
2024-04-05 18:06:00,7.31665335427432,-3.474507836487902,20.956922962379156,33.734360082146104,6.451235398277646,70.48754363377486,2.6599896549924402,1.112003335715726,7.807761327528383,1.3199958034597594,-0.2849975044706103,4.977429759919067,1.6265260322123607,-0.454142073852495,3.782626619945505
2024-04-06 18:06:00,9.006454797602375,-3.263141124525733,21.635073362305874,45.10192426023129,8.38681098965101,72.42386881215052,4.090491484207363,0.7302156515855751,7.425978817490173,2.4754460448347393,-0.3438468128823841,4.940211042320975,0.798147465200225,-0.3684623364612394,3.868363534391919
2024-04-07 18:06:00,8.225255939973312,-2.928307291057859,22.652691045041728,50.350573928829114,11.0632770306947,75.2931110072901,6.373086189142635,2.1195157198883203,8.836838421384979,1.6501104687185082,-0.0548101926478921,5.299612932238775,3.4092956935503564,0.0153386454310768,4.268936644046702
2024-04-08 18:06:00,10.51811023645398,-2.47046400066248,23.628428097065928,41.1301727201984,10.916356472051618,75.1790886678799,5.6947186332265085,1.260589691237127,7.979637123473026,2.261882568076506,-0.0582038970928202,5.3289645373547225,0.9726443699689313,-0.1087342438955238,4.14752982924821
2024-04-09 18:06:00,6.946855326217167,-2.8092494333771114,23.77618194363857,40.70159121041758,10.7077129556612,74.97895396495227,4.180505694305747,1.1191725782375754,7.838462389283743,3.0285701682977453,-0.1947091333304071,5.218681966320434,0.19564738430233608,-0.2927679414797581,3.964103236940065
2024-04-10 18:06:00,0.7165678039622193,-13.352711565369813,13.70742314583213,3.2780634124819024,-23.44611182339994,40.83042394151274,3.618072596702012,-2.393662002086616,4.325681002302643,-1.5758282018782455,-2.4099318586765373,3.028248049369913,1.6105863244119238,-1.6275291320102376,2.6295725040012368
2024-04-11 18:06:00,6.424711315364495,-5.183489038677946,22.343729570687465,54.43792174989197,6.07295129141896,70.35948677395861,4.149335972528477,1.4558415729358662,8.175233283310952,2.7488844845572347,-0.259500270357222,5.203101361047446,1.30554182720971,-0.2516922636541079,4.00566469896555
2024-04-12 18:06:00,10.880384710303858,-5.169664273816798,22.81925046653889,34.80282922608383,6.488553029592659,70.78600741149248,3.5888973947736633,1.2002773295991638,7.919842575196206,1.8725906792112257,-0.3558690772854738,5.131012011743199,0.21105136404928304,-0.4210666537091811,3.836782504578546
2024-04-13 18:06:00,10.345483198430191,-4.943074883589443,23.495031977679208,23.450139511803282,8.431999784323303,72.72954128949084,3.406664645204395,0.836399779318235,7.555965778056693,2.216790535933964,-0.4166438048496328,5.09431436693275,1.7914545252395477,-0.334920618002505,3.9229395052668647
2024-04-14 18:06:00,9.452434555266876,-4.499152495953661,24.512019217083903,42.0550937089515,11.39820274526292,75.77341860982592,7.538604426628252,2.190457591669825,8.97512002641302,1.8646770998470787,-0.1399812603419739,5.455242524962415,2.604460883291,0.047922634249478,4.323810560799016
2024-04-15 18:06:00,10.68760719746951,-4.007542920459752,25.480259265291167,40.0521251041065,11.383730706349532,75.77510717754512,5.350115975107733,1.3585810491063763,8.147638672128505,1.4005385751863049,-0.1462155108267406,5.486626851879191,1.6919579687888398,-0.0763406684978278,4.202455211338661
2024-04-16 18:06:00,10.687198268408904,-4.334126691406341,25.6100437077452,49.19865772402839,11.155947488616086,75.55242959832623,6.381512811936349,1.1964721692374245,7.986058722225977,3.422883576061054,-0.2854207154866404,5.377086564167993,2.533616115103728,-0.2604609743847519,4.019005061922282
2024-04-17 18:06:00,-1.1943781936445372,-14.86380507062711,15.52814159771957,16.656465695562808,-22.97284758182306,41.42825274030103,1.6149802656225536,-2.3068687908182364,4.482819784011603,-1.0650927247914288,-2.501991426517616,3.188441356562417,-0.1354555756522653,-1.595234064921986,2.6844864247259266
2024-04-18 18:06:00,10.540888190808504,-6.6832605895667605,24.151001482794605,39.12303337932286,6.522849583877246,70.9344282197295,3.0948689025633085,1.534153357553714,8.323904912851152,1.2895845945732054,-0.3533520774666585,5.364561846305611,0.7159118424719828,-0.2194222595862762,4.060578398039372
2024-04-19 18:06:00,10.271588181388527,-6.659078622588634,24.61583002658391,40.14771421225608,6.944395054288904,71.36931994468799,2.8048664694536916,1.284992825273529,8.074943510797219,2.230879073213168,-0.4511586956435724,5.2940954627396914,1.0537656973008656,-0.3888238535805373,3.891732959741076
2024-04-20 18:06:00,4.434435018656009,-6.420985975756967,25.280345797745287,38.80521886978628,8.88808918369017,73.31308218827746,2.549478238232023,0.9199524862588332,7.709904407492122,0.6498282482378899,-0.5134161725326969,5.25890057560941,1.5361749130416071,-0.3026798461430895,3.977889390413755
2024-04-21 18:06:00,10.408669175281021,-5.959943649707245,26.28221722188876,55.92619001827743,11.861889086721805,76.36395559946362,5.006277105372038,2.276399288642837,9.128419051852156,2.571077761379896,-0.238418902243366,5.621648543851913,2.1957780300431997,0.0799942900025003,4.3789315519005365
2024-04-22 18:06:00,9.274991401023081,-5.456485787015845,27.239094394953437,49.16641465355903,11.851210015319367,76.36964955283507,5.056380087179951,1.4426885952783142,8.299086488273552,2.815270526252079,-0.2462778234449874,5.65466904968855,2.4190267773822214,-0.0443291279709403,4.25763673833508
2024-04-23 18:06:00,9.04677687035836,-5.77269757136834,27.358400272655707,33.82562878861255,11.622698033455066,76.14639094451621,5.231407350278655,1.2819026882364684,8.138851501079515,2.7084986759143215,-0.3870057196484358,5.546679342296361,2.0366482291918264,-0.2284697405722877,4.07420722671284
2024-04-24 18:06:00,4.928458390427998,-16.292635870411374,17.26676991671463,15.296004892420687,-22.505437699179502,42.02310657612596,0.597640233501219,-2.2220594288747844,4.634997935638583,0.7254605490414425,-2.6050842282297646,3.3595356537951755,1.263755404911123,-1.5632521314846255,2.739697889789975
2024-04-25 18:06:00,10.792490719514381,-8.103053681671593,25.88055283535226,49.896584812683855,6.9891749423110525,71.52891311356467,5.705334766544823,1.619509996637663,8.47663605584675,1.7330634636188877,-0.4579328070124995,5.537151551279207,2.111207954027512,-0.1874518590972607,4.115801471830064
2024-04-26 18:06:00,10.234049384416476,-8.071216362202076,26.337719833644,46.44667496194942,7.409707663326785,71.96526741988,6.1627804722420025,1.369921838987099,8.227269184851057,1.2577147418251236,-0.5572370651922784,5.468180170046516,0.7230864344583268,-0.356884877895169,3.946987429810324
2024-04-27 18:06:00,11.848583641086874,-7.824647299805369,26.993763578147306,31.825349082385735,9.353407835591824,73.90903857065781,5.129719361902258,1.004956895956167,7.862305626164704,3.0647405442587594,-0.620957151382389,5.434447607182681,1.7298767031495164,-0.2707415532473649,4.033144551058646
2024-04-28 18:06:00,11.638970428191874,-7.351903576630393,27.983970637983987,53.288217133319,12.326310942674418,76.96126735133987,4.788976863240202,2.361009612485742,9.281100789667375,2.9392465560703047,-0.3476132717915998,5.798846764638123,1.5671713928658102,0.11176417026893,4.434355119227327
2024-04-29 18:06:00,10.070675238557808,-6.839809287241179,28.932220353947585,55.520423279100775,12.315407737292077,76.9674304952293,3.81905862926717,1.5273248950365277,8.45198149652569,3.990463674919538,-0.3570481116157764,5.833443025154001,3.5418484597109323,-0.012618928441209,4.313119985141679
2024-04-30 18:06:00,11.484206634352878,-7.148198764903944,29.043701955575383,54.20206770956416,12.086746292020926,76.74428019120458,5.573752042994245,1.3664319907377536,8.2916803094441,2.640674242138105,-0.4992718512611014,5.726948763906359,3.1849358944425843,-0.1967798100083451,4.12971074149536
2024-05-01 18:06:00,1.368718818748004,-17.660796519456763,18.94473127382132,15.284410285312006,-22.041495741397256,42.62115088843683,-0.10633677366945249,-2.1374947186139552,4.787871560936464,-0.6887309679958533,-2.718817383971395,3.541272188975492,1.2514861564269992,-1.531571423391299,2.7952106270435464
2024-05-02 18:06:00,8.959045699146335,-9.464366945792616,27.55166608209889,29.68141510209903,7.452734333154488,72.12729431889542,5.784111786476046,1.704035891670343,8.629477069098247,1.8786696654751265,-0.5731207112588104,5.7203427284071005,1.1833900923051597,-0.1557826112273144,4.171325669080397
2024-05-03 18:06:00,6.39303715311622,-9.426795401947864,28.00309874157908,36.818073179382495,7.872041404042285,72.56488841091965,4.352082222722485,1.4544638169450863,8.380148198026708,1.7277690624237134,-0.6738830023245925,5.652829417636072,1.3557279877379327,-0.3252466897324988,4.002542686853267
2024-05-04 18:06:00,8.955353107324777,-9.173737353825912,28.652653581456747,38.577127077944304,9.815740026404974,74.50866158139232,3.4599292465702938,1.089493884544872,8.015179829941642,1.7813514028366408,-0.7390299579520843,5.620523728270157,2.300644173392718,-0.2391040774568495,4.088700520450457
2024-05-05 18:06:00,10.317054039161775,-8.691914499237482,29.633782194184043,48.52832609666861,12.78748760006026,77.5620603057792,5.948969394693304,2.445339723199913,9.434189243847127,2.866336429584393,-0.467184031731727,5.986420870457909,1.6080103790870384,0.1432363443256714,4.490076390370703
2024-05-06 18:06:00,8.475344244109575,-8.173125440503348,30.57533730654576,46.64056576294491,12.776236077937844,77.56857946709869,4.972887181374471,1.6115623839020112,8.605147041149984,3.6669120571812956,-0.4781249664514448,6.022523228204829,1.9019141055936015,0.0187944066031535,4.368900095301193
2024-05-07 18:06:00,12.150989528278895,-8.47543435649698,30.680738310113515,56.09754182977335,12.54744410456638,77.34555839778474,4.771539022880824,1.4506557901548156,8.444870787135885,4.227350219435039,-0.6217946310100135,5.917474897530242,1.1188023958200022,-0.1653865013255573,4.185510878019411
2024-05-08 18:06:00,-0.5830929221492647,-18.982311730511363,20.5760472518618,3.6792962854808655,-21.580927516629288,43.2225602151874,2.3578769156706563,-2.0532780287414147,4.9410639401429925,0.5696052096593971,-2.8427623072678783,3.733220464872783,0.7758697900459847,-1.50018724876584,2.851019897624924
2024-05-09 18:06:00,8.920458877426055,-10.780539400900876,29.1776392907882,38.88137359009113,7.912944127992162,72.72906064031287,5.748871607111023,1.7882518790590334,8.782674787707258,0.661553405578011,-0.6984765214670676,5.9137018927341565,0.8430850833962533,-0.1244097810497093,4.227146284110306
2024-05-10 18:06:00,9.248431903433396,-10.738543632193544,29.62464772329122,39.99020254266129,8.331024923648869,73.16788145176659,3.4333554680208205,1.538667319538095,8.53335489047884,2.931577045400176,-0.8006521381071026,5.847601907002083,1.3868226004104949,-0.2939045614842406,4.058394003812268
2024-05-11 18:06:00,10.101539661873563,-10.480369256020248,30.26908623661613,49.99871805988442,10.274721768202632,75.11165641481102,3.4172386728019966,1.1736976128376653,8.168386932810797,2.194049711465155,-0.8671839970662796,5.81668112091001,2.5501868917436648,-0.2077626863258177,4.144552574526754
2024-05-12 18:06:00,11.26487872409004,-9.99128385535008,31.242952315906475,37.039240763632286,13.245314679700265,78.1662102541861,6.30327604325573,2.5293322046302644,9.587607114968645,2.9462780333960956,-0.5966960514065152,6.18393624321158,0.9570150654574714,0.1744155330652224,4.546090646838428
2024-05-13 18:06:00,11.543175781614552,-9.467158793684243,32.179171428399144,60.16903091414361,13.233713327764718,78.17307948730625,5.3638312045825,1.695471946290267,8.758648839581904,1.659693702885736,-0.6090724322887753,6.221474047087771,3.903174684978227,0.0499156031764966,4.4249723439351145
2024-05-14 18:06:00,10.995455916103598,-9.764615941313238,32.27972066292982,43.63543025840421,13.0047922654366,77.95018746630532,4.881478621407944,1.5345460340743022,8.598391174122867,2.634794942186563,-0.7541347454997438,6.117818364984954,1.8487029982918444,-0.1342850859115714,4.2416029078126805
2024-05-15 18:06:00,-1.608524372937942,-20.266920994406732,22.170457283831883,19.54802451806534,-21.123708846437403,43.82731882254043,1.1497201246514517,-1.9693920393964104,5.094588919799537,0.21626768689635878,-2.9764756516518203,3.93493716223986,1.9757070247180075,-1.4690948771421952,2.907120971208535
2024-05-16 18:06:00,7.690593999001641,-12.060876673553684,30.76777733126802,40.18719524860873,8.36980730193487,73.33417469881316,7.219876006111667,1.8721347535114357,8.936202581236738,3.232926927698501,-0.8335530201559225,6.11678174438452,1.3806856650259918,-0.0933286359478229,4.283258584215673
2024-05-17 18:06:00,12.342440329525006,-12.015386509389266,31.21129136827488,42.39176921164297,8.78666819022245,73.77421543159457,3.728913359904828,1.6225397960849155,8.68689330983806,3.0314149437290006,-0.9370935568080913,6.052046678672207,2.6225864335410938,-0.2628537548978991,4.1145366424331815
2024-05-18 18:06:00,16.34474895464925,-11.753084031449426,31.85160177986093,32.20578215057513,10.730363261524223,75.7179921683549,2.6214576579875875,1.2575699731878398,8.321925427071207,2.9221560605901096,-1.0049646496557605,6.022465126469449,2.28285451468784,-0.1767126409189243,4.200695974327116
2024-05-19 18:06:00,9.47715825532709,-11.258058884863573,32.81952811346925,54.34558165108595,13.699810826251747,78.77369136872989,5.67633768879641,2.613001129638388,9.741349075641534,2.8493917172817884,-0.735708756843668,6.390952301625054,2.726845037941998,0.2053064672532398,4.602393157857666
2024-05-20 18:06:00,9.185278190921023,-10.729588577929668,33.75140198075044,44.4678227201347,13.687862077078291,78.78090800669219,5.396364643117629,1.7790592959987253,8.912472310099655,2.6647056058015957,-0.7494509758628891,6.429855943638682,1.5735992273953838,0.0807493970514179,4.481331995267448
2024-05-21 18:06:00,14.63454281817909,-11.023093128101351,33.84799861781138,44.56142752935048,13.458812848453682,78.55814415071055,3.4460786283200413,1.6181148538577816,8.752233221950162,1.3853965225752798,-0.8958512840753707,6.327538256538527,0.7640451806149555,-0.1034708252274265,4.297982092335791
2024-05-22 18:06:00,1.35238400677922,-21.521669033015637,23.73500609053561,8.135670784932723,-20.66981689034877,44.43540413538732,0.6573404877838456,-1.8858275657930643,5.248435291858495,1.077305921501499,-3.1195147036967854,4.145979567262511,1.1123973816438562,-1.438289568293795,2.96350910756739
2024-05-23 18:06:00,7.372907292123092,-13.312141332067656,32.328842757872245,37.421343722050715,8.823346115928778,73.94261315233749,5.13946170810247,1.9556963296866168,9.090051870265466,4.090072271585128,-0.9779057036947112,6.329137780901304,1.840457340086744,-0.0625344336651889,4.339657827140295
2024-05-24 18:06:00,11.878414407684527,-13.263839045758465,32.7695446727336,37.50669168255423,9.238993995464035,74.38386689430985,5.185313133226789,1.7060910671257954,8.840752889204701,1.6456788183090658,-1.0827611647759952,6.265717639617998,1.480331400772718,-0.2320895228008996,4.170965855543436
2024-05-25 18:06:00,9.91120247237424,-12.998143460033804,33.40646197653535,52.879791255654524,11.182687305811562,76.32764539203902,5.4464102624188735,1.3411211470111932,8.475785106336195,3.08460731262244,-1.1519241420081037,6.237427971799667,2.3223571871470807,-0.145949193371325,4.257125971986771
2024-05-26 18:06:00,8.970595167878507,-12.498172869807847,34.36944286650788,46.953552940392036,14.150999350133212,79.38448011326702,6.981631418694992,2.696355637270415,9.895405419080817,2.2798792901034073,-0.8837883898279846,6.607035287587156,2.680537375680052,0.235913882901448,4.658979187416712
2024-05-27 18:06:00,10.573421449497006,-11.966102033416217,35.29771620433239,56.69738892631753,14.13870583909992,79.39204151332811,6.828955422663887,1.862334072555274,9.066608388863612,3.0584340224193114,-0.8988293477611742,6.6472376685147445,1.7380798903462893,0.1113005279677286,4.537974309558392
2024-05-28 18:06:00,13.503222932845453,-12.256331560055612,35.391037817860806,45.882239550406815,13.909529380153884,79.16940488762778,5.023903334529745,1.7013714641562605,8.906387463896076,2.2215129699547953,-1.0465132643227082,6.546203589763627,2.1794550406784943,-0.0729389771939894,4.354643689509608
2024-05-29 18:06:00,-0.5386472319337163,-22.751815472282797,25.27495329789796,16.38990560579372,-20.21922806788093,45.046792581584455,3.99256924008996,-1.8025752037446447,5.402593783479321,1.6364808440038825,-3.2714483124941256,4.365916529037618,-0.5733229685546872,-1.4077665786414095,3.0201795631222588
2024-05-30 18:06:00,8.583062803888495,-14.539401483191469,33.86590367709116,43.23746215557453,9.273584215486755,74.55435232139993,3.975173615433479,2.038945839952158,9.244213212400568,3.8676275862620946,-1.131103225442975,6.550338655627328,3.4618962712786496,-0.0320224288286823,4.396339267511042
2024-05-31 18:06:00,11.439355342783053,-14.488801241094912,34.30430763616515,38.39904143760262,9.688026301880342,74.99681185652776,6.081344344114576,1.789330490293274,8.994924319398418,3.2552377696353854,-1.2372235733452426,6.488183401165007,1.8128689130009394,-0.2016071155616239,4.227676893511415
2024-06-01 18:06:00,11.880643578019905,-14.220273723432822,34.938393008029465,46.922946900315154,11.631717864215162,76.94059210227007,7.271807573371836,1.4243604686316118,8.62995663790294,3.6437000685660417,-1.3076309054482884,6.461138088217614,3.9394959855712783,-0.115467593363526,4.313837817186227
2024-06-02 18:06:00,10.924596192351947,-13.716124353751578,35.89719511854679,40.30142505407622,14.598904462952175,79.99855226909676,5.766258909603921,2.7794048839205203,10.049767025748816,3.013067256681951,-1.0405167495350347,6.831767000271968,2.053016733604318,0.2662425150264877,4.715844000498926
2024-06-03 18:06:00,15.039409050517074,-13.18102671911459,36.82244165812596,51.42180110421185,14.586268906850483,80.00645571423377,2.6360422406897985,1.945305358368675,9.22104795609247,4.556215458734682,-1.0567927907272292,6.873204464458562,3.2685722351759883,0.1415737334494329,4.594894549283942
2024-06-04 18:06:00,11.988855837591126,-13.468504176058792,36.91301120195919,52.36055934230817,14.35696618217532,79.7839453542613,5.9245090466437125,1.784324966814725,9.060844814479562,3.3509555004596505,-1.2057073469274115,6.773401025346092,2.3203628282078923,-0.0426848023574928,4.4115829598803655
2024-06-05 18:06:00,0.6095582751901631,-23.96138891520476,26.794327508915128,4.432727800792861,-19.771918027126524,45.661459809486495,0.38380144275602124,-1.7196258654425662,5.557055298326696,0.15683114707289686,-3.431864132982184,4.594335702503438,-0.08426822057403516,-1.3775211674127046,3.077127597100808
2024-06-06 18:06:00,8.28229449827916,-15.74655108694126,35.38285404893616,34.07765784451979,9.720546034409672,75.16936777113207,7.480433246384727,2.1218923821701074,9.398677523414426,2.574774333709329,-1.2927341778484551,6.779972961010572,2.0186394887027714,-0.0017878791001355,4.45329816298975
2024-06-07 18:06:00,12.483951432190949,-15.694048949701232,35.819356112866664,51.71930571059741,10.133789842633703,75.61302558442988,5.564448213533943,1.872267151079708,9.149398511781436,3.811829065109433,-1.4000704271247115,6.719033607922238,0.9888422337518883,-0.1714017872186093,4.284665010375655
2024-06-08 18:06:00,8.404783958235651,-15.423127323505351,36.4510473761972,32.16906816497168,12.0774796703001,77.55680756484065,5.8186079298267845,1.507297025169624,8.784430934545675,1.5376569532949136,-1.4716754680622692,6.693186003809357,1.668084284849594,-0.0852630942517618,4.370826763281716
2024-06-09 18:06:00,8.977527101539668,-14.915402891527204,37.40627442441762,49.32893241829881,15.043551126019928,80.61588287468496,5.57635730141804,2.8621577292016496,10.204425033639934,2.5214478735174226,-1.205496733404526,7.064750337119223,3.5303564007010344,0.2962970917312884,4.77298286900138
2024-06-10 18:06:00,12.732567012261718,-14.377729581711575,38.32894528881816,49.585138420951225,15.030576315684726,80.62412557405572,4.302787101327664,2.027981976363856,9.375782191287442,4.641697801406554,-1.2229481726594678,7.107363199368564,3.4568309750436708,0.1715737429417791,4.65208798499885
2024-06-11 18:06:00,13.280803886286012,-14.6628666979346,38.4171744919302,43.18080674551426,14.80114831768443,80.40174048740835,5.068919254692325,1.8669841752950167,9.215596459176464,3.343257267107921,-1.373042576214139,7.008739607610583,1.5594464466948854,-0.0127035697362618,4.468795172466389
2024-06-12 18:06:00,2.6263096297156308,-25.15354091623726,28.29628027804284,22.65139299297188,-19.32786167667041,46.27938072768657,2.904975010687288,-1.636970738263662,5.711811024330988,0.34627485392307084,-3.6003729862999028,4.830847908798921,-0.739777632795765,-1.347548602482765,3.134348477378123
2024-06-13 18:06:00,6.274668490748031,-16.93664426461247,36.88274799470257,38.056638886094966,10.164256743098314,75.78763433109958,5.29606271133108,2.204544767197868,9.553435991564518,4.221447983536825,-1.4624110830318324,7.017653219171712,2.2828371915525945,0.028173948991093,4.510529780105776
2024-06-14 18:06:00,11.155006038031466,-16.882550956067476,37.31765888732812,45.779907469375054,10.57631007579834,76.2324826199214,4.137883683706807,1.9549098568720076,9.304166659171036,2.886542511338969,-1.5709160319613722,6.957882565736663,2.66432238571509,-0.1414688012895926,4.341925469653892
2024-06-15 18:06:00,9.347978688699449,-16.60958305877537,37.947303879562426,41.197298448546675,12.519998182518025,78.17626632127889,4.566127297406624,1.5899396240174857,8.939199188878979,1.9800985629515413,-1.64367373441502,6.933187623139872,3.462272410799759,-0.0553309588781574,4.428088073115367
2024-06-16 18:06:00,10.83055021352554,-16.098767461650393,38.89943976263602,42.98748311309006,15.4849650123845,81.23644625697656,7.504778297891118,2.94462276280158,10.359370853221725,2.351093065078196,-1.3783554411130807,7.305612397805541,2.2850812609172877,0.3260823286055894,4.830391077334333
2024-06-17 18:06:00,10.309303661206382,-15.558879357970335,39.819895833172126,45.6637397983202,15.471653808883282,81.24502534951336,4.946072210820706,2.110372477275338,9.530802543556517,1.7307431805156805,-1.396926791015713,7.3493451707025725,2.5816021157287414,0.201305272268307,4.709549900879576
2024-06-18 18:06:00,9.330339943197776,-15.842005793827562,39.90611435591837,51.938951962840044,15.242101556450784,81.02276451729819,5.57637239254641,1.9493576327265083,9.370633854926368,2.2348414736616355,-1.548152883359316,7.251853267733523,2.628912534759653,0.0170094376529914,4.52627561028439
2024-06-19 18:06:00,1.9549388336846156,-26.330781077440665,29.78332120734144,14.9938284156097,-18.887033219847574,46.90052953951993,2.539846721359862,-1.5546012807833145,5.866852420031648,-0.5060661905115604,-3.776611069346853,5.075089344823635,0.9326682975905217,-1.317844165893917,3.191837485996529
2024-06-20 18:06:00,11.804884205293202,-18.112118383335563,38.36802288152087,52.25124859418574,10.6047422136321,76.40912612922199,7.134711679542831,2.286911535453582,9.708480076490156,2.4749083596471353,-1.6397723171769112,7.263017806294554,1.4253957429108628,0.0578677745365761,4.568029399767546
2024-06-21 18:06:00,10.498835444220067,-18.056681499350155,38.801590198706,40.58871306002944,11.015613149440114,76.85515681493582,5.841707843795286,2.0372671440184544,9.459220225205678,1.6231775521735143,-1.7494010010470196,7.204370887800074,1.389381593798473,-0.1118034362587305,4.399453549830284
2024-06-22 18:06:00,10.53138157510244,-17.781947982370255,39.42946957125251,33.19253951826367,12.959299549293505,78.7989422231596,5.753905309242302,1.6722968016302984,9.094252864447306,3.5964683428048567,-1.823268364399186,7.180785606101801,2.3026193525093817,-0.0256664650589835,4.485617024503447
2024-06-23 18:06:00,11.349988406856312,-17.268434987550087,40.37890805663092,50.87579589554822,15.923172472124191,81.86021606589307,7.470695140639911,3.026808309458328,10.514596159746077,3.4289569118988132,-1.5587455004481066,7.554005810118332,3.5393343821945193,0.355602923446173,4.888063927701004
2024-06-24 18:06:00,10.07502886019487,-16.726625070605188,41.297442313902174,51.587637130938674,15.90952780303595,81.86912862401687,7.143823758666615,2.1924851472788385,9.686100726734193,2.2389404349676245,-1.5783854887257842,7.598807221390407,2.7158986110422605,0.2307730184080973,4.76727559994704
2024-06-25 18:06:00,10.665336130742286,-17.008008612507695,41.3819179426937,41.06812372778787,15.679852340204626,81.64699100220051,7.847372062517882,2.031453617562464,9.525948723271537,2.96719127682909,-1.7306979798096775,7.502401717161648,1.811282902566762,0.0464589175893999,4.584019575555235
2024-06-26 18:06:00,0.7555644337348186,-27.4951383180304,31.257479216026372,13.721220024129984,-18.44940618937514,47.52487977770368,1.693726979231581,-1.4725092162010456,6.022171208630525,2.089728822850315,-3.960240629450796,5.32672225790534,0.519362841488202,-1.2884031590548248,3.249589924364691
2024-06-27 18:06:00,11.415386108181876,-19.274947694163785,39.840652960444295,52.18801113481139,11.042028985083675,77.03381662642659,6.356583197750428,2.3690009626774544,9.863801502447409,1.8508876168143769,-1.824482572913036,7.515731415008442,2.1485384095069637,0.0872982970582398,4.625792322453137
2024-06-28 18:06:00,11.848831506179726,-19.218367186425557,40.2730766538766,45.55602802560575,11.451725866779093,77.481021366253,6.767230630539006,2.1193472842192547,9.614550938186015,1.9869282794619938,-1.935192511055425,7.458165750786243,3.798361430010977,-0.0824009907422458,4.457244549521054
2024-06-29 18:06:00,15.161181678710001,-18.94209753452906,40.899419891506525,51.95527286516728,13.39541057418672,79.42480846692254,5.531056554354335,1.7543768298046891,9.24958368945405,4.850528604369687,-2.0101288310678243,7.435649425748203,2.719730577872646,0.0037350892487615,4.543408915402956
2024-06-30 18:06:00,11.250943380574547,-18.426211783833264,41.84648562100929,44.20702196398744,16.358200497517778,82.48716530915564,7.7413567197189215,3.1087224354929788,10.670092886892563,2.675069946506823,-1.7463451522234013,7.809608814871389,3.749052521322347,0.3848635512956555,4.945996745058776
2024-07-01 18:06:00,14.915272932126483,-17.88272096831068,42.76333897970287,48.595685401956295,16.344225353202212,82.49640834250678,7.025000806587309,2.27432801443276,9.841668712761406,2.9542747502717566,-1.7670065993741222,7.855431685016509,1.6933913502617948,0.259981654591717,4.825260408970674
2024-07-02 18:06:00,9.973938862854453,-18.162581883007952,42.84629198128917,56.351954006822695,16.114427747790494,82.2743928632708,6.294596971890441,2.1132801501697758,9.68153304384536,3.333478777137675,-1.9203631440200808,7.760070234349815,2.7581885964053052,0.0756495437610857,4.642022394590804
2024-07-03 18:06:00,-1.290071460927443,-28.64827456541073,32.720416231501915,-0.7230945188013571,-18.014953482205183,48.152404339189886,2.8801382190595133,-1.3906865258056418,6.177759371416258,1.0166443570672252,-4.150949593616071,5.585434575048378,0.8358087572608099,-1.25922090762052,3.30760111813764
2024-07-04 18:06:00,10.350065577070476,-20.426752010152853,41.30225804452856,48.49506433715886,11.476144228641836,77.6616786515246,5.051607575449513,2.4508210665225736,10.019392251783428,1.0705223280254608,-2.0162323357060368,7.775484530779207,2.7361419207487048,0.1164701916370445,4.683813873081586
2024-07-05 18:06:00,8.674374584874869,-20.369191245511335,41.73370148105759,57.66834576576899,11.8846756511887,78.11004885049957,5.839281127449976,2.2011582910878973,9.770150784498512,1.9344573121790285,-2.127983630666665,7.718960223375246,2.2110340323226336,-0.053256788334389,4.515293792320451
2024-07-06 18:06:00,8.77721634962327,-20.09157530372604,42.358698428798704,55.189741977459946,13.82835868089255,80.05383762887288,5.981097638209499,1.8361877222475207,9.405183650192356,3.760500230414953,-2.2039506066386574,7.697474554296799,1.9207251746050082,0.0328783811005406,4.601459068758431
2024-07-07 18:06:00,11.167397790961658,-19.573587523723667,43.30366212899491,40.18282370121176,16.790076688076027,83.11726638725357,7.158953349614041,3.1903729553415285,10.82585322022515,5.046785079622225,-1.9408575112927695,8.072124526918522,3.7258889626408473,0.4138688597970823,5.004184881764603
2024-07-08 18:06:00,13.521613486920307,-19.028616140217743,44.21903491970514,51.40704115114227,16.775774117939207,83.12683684642595,5.8095083675962265,2.3559088552874083,9.997498725087894,3.1575148691988555,-1.9624971212247493,8.1189255598449,2.4734143976367298,0.288935825712822,4.883499683056824
2024-07-09 18:06:00,15.304433819663442,-19.307137607728485,44.3006484741049,56.222463092327885,16.54585546019235,82.90494241952513,5.83939369385171,2.1948449994464507,9.837379047749824,2.5081920516528564,-2.1168582869899244,8.024568730297423,1.927503053525085,0.1045859611940538,4.7002794223650906
2024-07-10 18:06:00,2.4687444761800528,-29.79156680405515,34.173509238241536,10.671391966474452,-17.583647394503288,48.78307552014415,2.2443611701990993,-1.3091254423498726,6.333609141141627,1.0555157127101287,-4.348450524623347,5.850938859033418,1.5624368919665985,-1.2302927660565628,3.3658664217809378
2024-07-11 18:06:00,9.44628843981248,-21.568875366936386,42.7541821694073,48.243144855881276,11.90711571261894,78.29268443620364,6.102806125718138,2.532379613179422,10.175244558307718,1.02522803816829,-2.214736733628989,8.041992281679923,1.6704354056755049,0.1453881043576608,4.742089405568224
2024-07-12 18:06:00,9.859586068209,-21.510469193432176,43.18478019707364,45.30542961613446,12.314490511112515,78.74221125923191,4.985389183220059,2.28270792678781,9.92601200197974,2.527828473576521,-2.3274920679607933,7.986472013647138,2.367137337244238,-0.0243661821371365,4.573596631330453
2024-07-13 18:06:00,9.965777231136563,-21.231665634436094,43.80858952760397,42.86934211736694,14.25817187815732,80.68600170026428,6.279356438597609,1.91773724121216,9.561044984408856,3.108073557142629,-2.404453810812595,7.9659811114485,2.3893997330907673,0.0617680580338153,4.65976283703241
2024-07-14 18:06:00,8.583342454676474,-20.711803876955337,44.75167925032178,52.09615759563799,17.2188292155217,83.75049112846406,6.7571387397223575,3.2717674381495323,10.981869590598286,2.012139487549364,-2.142009315001587,8.341279683605102,3.1600659090996652,0.442623464860187,5.062623721908753
2024-07-15 18:06:00,13.405416368453793,-20.165520163895728,45.66573971147833,45.53940415436656,17.204202324287408,83.76038590873391,7.032088477453284,2.4372352015374124,10.153583232019033,3.2090282191254054,-2.164587416865891,8.389019208463804,1.904032807740962,0.3176401440509755,4.941988809925925
2024-07-16 18:06:00,10.306919242383394,-20.442856008924856,45.74616764339648,52.555998083425884,16.97416372551986,83.53861142285378,6.500950698276141,2.276155689489401,9.993479210888015,3.1472374962161083,-2.3199165810831723,8.295630377368434,3.223907884922924,0.1332727819923174,4.75878604677408
2024-07-17 18:06:00,1.8203562900810097,-30.926167503828363,35.61791070610995,18.10946800658111,-17.15545965666235,49.41686505095938,1.9494578036151031,-1.2278184433793995,6.489712995352294,0.6366937372110986,-4.552479176883155,6.122970864270991,2.7350059286505353,-1.2016141218919218,3.424381222823551
2024-07-18 18:06:00,11.746106008585178,-22.70244410347479,44.19755167404091,56.850867767795066,12.334971767432457,78.9268056500463,6.6729376553480755,2.61368412404958,10.331350900618702,2.6079603036741696,-2.419734022167664,8.31499292319636,2.4108456966258993,0.1740566480644956,4.800614307068644
2024-07-19 18:06:00,14.134727967321183,-22.643304841638084,44.62741661337475,43.699810504196535,12.74119900498782,79.37748003401278,6.089184287379354,2.364003708714417,10.082127073234274,3.0296492215366677,-2.5334585872042985,8.260441885868406,2.496856332910201,0.004275441021579,4.632148453378991
2024-07-20 18:06:00,11.942761756227716,-22.36344749918164,45.25017216044471,54.52049616104031,14.684878724702422,81.32127212237535,6.324007501410958,1.999032904180651,9.717160174621508,4.633289634658448,-2.611381561313559,8.240912214927228,3.5722391410671293,0.0904087338491388,4.718315606424341
2024-07-21 18:06:00,12.769697623094272,-21.841905597089458,46.1915817385511,50.21898523903555,17.644486788806006,84.38681082383592,6.680115559361427,3.352913214392456,11.138134667536503,3.636049462408081,-2.3495493836453645,8.616823105226644,2.2804879618699703,0.471131946633867,5.121308685342327
2024-07-22 18:06:00,14.00949984311763,-21.29445209144189,47.104472407119694,41.89661732482054,17.629538732801777,84.3970267688757,7.391049690706095,2.518314346693086,10.309914940044496,3.2616282681967466,-2.373029651553342,8.665464796129019,4.303758528983354,0.3460991852999981,5.000723213884156
2024-07-23 18:06:00,11.201854970590073,-21.570732611367305,47.18384501393413,55.95579340646632,17.399381324043475,84.17537109298632,7.013067058930081,2.357219506278934,10.149826247279622,2.16399162519937,-2.529292855130384,8.573010004393408,0.5024783742028844,0.1617145813834759,4.817537692590177
2024-07-24 18:06:00,4.344120169854084,-32.05304992377668,37.05459389415349,17.41108493103504,-16.730361468264455,50.05374413121765,-0.43055118910542856,-1.14675824454512,6.646063649699155,1.1103486916315657,-4.762792845493511,6.401287885859109,0.9760067463027555,-1.1731803996663637,3.483140945805247
2024-07-25 18:06:00,8.578120197452018,-23.828410503725383,45.63331884238672,48.03836758505354,12.759741250647837,79.56401343548708,6.935022758468985,2.6947418824355003,10.48770399541392,2.8586313051722647,-2.630983888270433,8.594246142276894,3.642490963287493,0.2024803984232299,4.859384001917164
2024-07-26 18:06:00,14.259597971080144,-23.768632468999563,46.06254500883143,37.03379883798124,13.164830206261705,80.01582610139505,7.058519100266793,2.4450529161925263,10.238488718937305,2.516732648236505,-2.745645270153641,8.540631921795512,3.7609697389549215,0.0326726566751309,4.6909446829326935
2024-07-27 18:06:00,10.210141851345085,-23.48783515137501,46.68436058073328,49.878459487826966,15.108508294240488,81.95961982149345,5.667409287256369,2.0800819905611982,9.8735219414221,2.1829929107503068,-2.824498193125738,8.52203219971717,3.3317405933826025,0.1188049846968133,4.777112800783922
2024-07-28 18:06:00,15.095176889455935,-22.964779180290478,47.62425608984732,52.70917311778409,18.06707861924565,85.02619626205244,6.939911554131862,3.433817382494893,11.294641352615209,3.2352996742720923,-2.5632469496640176,8.89852402422306,3.7714237867172353,0.4993988457783493,5.180235231405099
2024-07-29 18:06:00,12.083168064639711,-22.41627760149532,48.53609868526833,49.90736911094214,18.05181260271208,85.03673016762157,6.062539638828856,2.599153352743743,10.46648678717498,3.2491165763322876,-2.5875961182724856,8.948034615825925,3.335739734721002,0.3743174848950987,5.05969835949631
2024-07-30 18:06:00,13.348855662892621,-22.69161402642863,48.61452719709066,48.32007546332043,17.821537533361806,84.81519215232416,6.574514648386978,2.438043504353665,10.306413102386031,4.581524099266144,-2.744761895913031,8.856482398153819,3.3273892323508054,0.1899158940629082,4.876529825117999
2024-07-31 18:06:00,3.0998682175050605,-33.173042614912525,38.48438735338453,5.563855771760414,-16.308323532907153,50.69368346451651,2.7763641359286733,-1.0659377929254643,6.802654051260641,-0.10283224984970629,-4.979168641059692,6.685667034403053,2.014751314911027,-1.1449870645792477,3.542141055925385
2024-08-01 18:06:00,10.079667560487682,-24.94758609990074,47.06229520665728,55.093693032077354,13.181453512165533,80.20427844262555,7.53815992722319,2.775559940220115,10.644296790810449,4.798912746387064,-2.8482656989157977,8.879531305900022,3.1557545806883387,0.2306638902809314,4.918393955266716
2024-08-02 18:06:00,12.201581894766406,-24.887249065455045,47.49096237338211,45.90829073344523,13.585413668582078,80.65721990773085,6.3449337614038575,2.5258625971626656,10.395089891148306,3.592120465261563,-2.9638337400206702,8.826823744640306,2.5496216751145324,0.0608299991038805,4.749980785711198
2024-08-03 18:06:00,12.741520641723259,-24.60560926609416,48.11193546354764,58.91323529580369,15.529090140666456,82.60101524372364,5.891369856163334,2.160891548374588,10.030123236789851,1.7273994382952005,-3.043587457793288,8.809124817362484,3.066346593730636,0.1469613454620542,4.836149885225934
2024-08-04 18:06:00,6.9528057414492785,-24.08118255189805,49.0504602295501,51.248814486113375,18.486634385861493,85.66861776409276,5.643019308009917,3.5144868154246334,11.451382772866609,2.266585325681956,-2.782889961168441,9.186170388705246,2.238734472697201,0.5274286600295373,5.239398862361165
2024-08-05 18:06:00,14.084254049750575,-23.531737585840453,49.96135943770867,54.05037231661026,18.471053657292856,85.67946638169695,5.555278174711438,2.6797590567895733,10.623291936310292,2.336178665547039,-2.8080775487234497,9.236519399254654,1.9264280204602766,0.4022995346310645,5.118909754967598
2024-08-06 18:06:00,16.64148525125186,-23.80622553818117,50.03893947693841,52.68137036363879,18.24066209378178,85.45804486056035,5.767554662217956,2.518634513452525,10.463232946468311,2.00135385340635,-2.966116749209456,9.145840604428008,3.583712714040972,0.2178812108288021,4.935757953559358
2024-08-07 18:06:00,2.1194274080287965,-34.28685606730627,39.90800157387347,14.324264083522527,-15.88931609281392,51.33665329307944,3.1263604611169837,-0.985350260381912,6.959477371898228,0.058942301942177755,-5.201401777683113,6.97590352400424,2.1402261434954672,-1.1170296258475274,3.60137706240092
2024-08-08 18:06:00,10.106259985322495,-26.060667439031967,48.4851773138837,50.840871135716576,13.600138359632275,80.84757086381498,5.637812782077328,2.8561451245129867,10.801122459698716,3.0105278684932744,-3.0713767760345627,9.170645735996551,1.8010842880604572,0.2586116143168842,4.977639676438018
2024-08-09 18:06:00,9.804204796697018,-25.99983932134207,48.91335339736435,43.780587788616884,14.002979391241809,81.30163145372728,6.229213516661144,2.6064395748331743,10.551923766658938,2.630925422792045,-3.187823424507234,9.118816782104632,2.9153302645057497,0.0887519580113225,4.80925227201101
2024-08-10 18:06:00,13.087755522670099,-25.717441115838973,49.53356808138766,50.699588859998066,15.946654263501904,83.24542838954434,5.112632032232668,2.241468400906373,10.186957237439207,3.4731803951927693,-3.268450774024772,9.10199148657173,2.861955062668275,0.1748823064406841,4.895422369454559
2024-08-11 18:06:00,7.467242302130934,-25.1917681642646,50.47084661001186,67.96740919786448,18.90318420099546,86.31404521761496,5.441397581520734,3.594928167240556,11.608352274231828,3.3732018309244154,-3.0082834279836197,9.479567208498189,4.26614717525039,0.55522584104718,5.298795126550777
2024-08-12 18:06:00,11.840359709006668,-24.641470431319465,51.38089305128288,49.89238885434696,18.88729204951957,86.3252052581264,7.013744999708799,2.760138077621592,10.780323768659413,1.7454290217070607,-3.034281473850501,9.530726677359468,4.020762027364919,0.430049779563002,5.178352955242915
2024-08-13 18:06:00,12.84683722071714,-24.915192641948288,51.45770734880073,50.438696298903665,18.656785173987597,86.10389904901069,6.95625190957062,2.5989991451035506,10.620279167998426,2.8004110520328847,-3.193167079555516,9.440894287751831,2.8835640473464004,0.2456149754994325,4.995217634095983
2024-08-14 18:06:00,3.013057306328766,-35.39510354975914,41.326049824421546,14.217863306670477,-15.473308963152974,51.98262343207466,4.205267872467619,-0.9049890369680482,7.116527001665505,-0.39385976758215513,-5.429303928962849,7.271809028261737,1.572855071705221,-1.0893036397815796,3.6608445215422254
2024-08-15 18:06:00,13.121558586296441,-27.16825626635795,49.90256690930489,36.19428325688276,14.01582602415197,81.49386046795144,7.043752963085585,2.9365040442427404,10.958174393150102,5.348303324594213,-3.30013074847321,9.46740306141296,2.672440536011807,0.2863280139754995,5.037116721986656
2024-08-16 18:06:00,10.297886135985038,-27.106995232099685,50.33031007621717,35.64659311755368,14.417557784950468,81.94903032867478,5.0343968178518645,2.686790454277829,10.708983740395423,2.3753314649894235,-3.4174299045552723,9.416426615130437,3.1650027189238727,0.1164429754819358,4.868754699747651
2024-08-17 18:06:00,10.387149512116606,-26.82391156610616,50.94983929975005,45.72760796750887,16.361231073667042,83.89282884803538,7.195412107993593,2.321819153304596,10.344017338222123,2.5053424526960906,-3.4989055724019966,9.40044963792672,2.358557717929832,0.2025723102966061,4.954925810805891
2024-08-18 18:06:00,13.796463293143397,-26.297101181555263,51.88598039539772,52.97632010624626,19.31675857627841,86.96244811098816,7.821074476463554,3.675147879576068,11.765543415077454,2.7814906429639947,-3.239247851719003,9.778534985211335,2.7191843438592156,0.5827947915378338,5.358419621267377
2024-08-19 18:06:00,17.021340458366385,-25.74602959065328,52.7952529787119,41.06889720375472,19.300558328082765,86.97391624821938,7.50527418248863,2.840296822231883,10.937575877230262,2.8617010855621556,-3.266030672253377,9.830479228740108,2.2574332931131993,0.4575726151804264,5.238023564832745
2024-08-20 18:06:00,12.962942267542294,-26.01905805495994,52.87137352990759,54.275611734955895,19.069937337070748,86.75272415458372,7.243835876574525,2.679143799141735,10.777545367141382,2.8424815210052765,-3.425737623815696,9.741468184989776,2.4229155190635283,0.27312158210345,5.054904472699219
2024-08-21 18:06:00,0.5030787632256009,-36.49831759300665,42.739064635764265,15.82956015987841,-15.06027156599228,52.63156330357013,1.6010506330804888,-0.8248477244098296,7.273796542288426,0.9592346071363288,-5.6627016839545,7.573210136231152,0.7057518491504025,-1.0618047125881314,3.720539039556032
2024-08-22 18:06:00,10.537091580093515,-28.27087551262392,51.31498692366607,53.999464808432535,14.428547126367905,82.14311663439167,7.735688130503673,3.016643096678088,11.115446193895895,2.152833253637213,-3.534356009902428,9.769631675819944,2.1000728285432615,0.3138174826719786,5.096820698497432
2024-08-23 18:06:00,11.348874885547128,-28.20923164886679,51.74234726107947,53.41536742873097,14.829179638003922,82.5993857442775,8.176494391501157,2.766921628961392,10.866263418893002,2.9134286574911723,-3.652483374768876,9.719483438321802,3.3754994149097204,0.1439074432113507,4.928483677225491
2024-08-24 18:06:00,12.72461364161099,-27.92552616378982,52.36125466552891,44.65061190342678,16.77285135965043,84.54318583070815,5.851468867785803,2.4019501991054355,10.501297145602424,1.0454740884158578,-3.7347837573389535,9.70433117584144,3.2933598733709384,0.2300357492916531,5.014655817018099
2024-08-25 18:06:00,9.434091934565389,-27.397673950199003,53.29635393213667,46.327080418053264,19.72738838901759,87.61379556690515,7.488650576082319,3.75515218804224,11.922949959792422,4.724338436962964,-3.475617762823789,10.082908249293885,3.941643344138573,0.6101398626429781,5.418267995369487
2024-08-26 18:06:00,11.98083535261825,-26.84589758484547,54.204921740999296,52.378098365849375,19.710883403828724,87.62556844112959,8.488095373850538,2.920241492238791,11.095042060404497,3.6311984927030796,-3.503161727291366,10.13561363675586,2.647241346800924,0.4848723848449578,5.297917240375468
2024-08-27 18:06:00,17.52171159055928,-27.11829529120935,54.2804115342522,50.91915657661684,19.480149506988745,87.40448925332188,6.207726903396649,2.7590746701407296,10.935025349323528,4.451587011913008,-3.663666757069651,10.047400671221494,2.955262908523696,0.3004053723333646,5.114814127676559
2024-08-28 18:06:00,2.4682357825795993,-37.5969631614517,44.14751097230452,19.60751044717432,-14.650172963823358,53.283441970057375,3.1393901555273187,-0.7449201296722445,7.431279800731982,1.1141477345449193,-5.901435119329786,7.8799469245842015,2.166056927553818,-1.0345285029101026,3.780456275085257
2024-08-29 18:06:00,13.844612951036467,-29.36898208641052,52.72289426554787,51.288888996942816,14.838332642983248,82.7953083864325,7.62704674588979,3.096568473862286,11.272931669892838,2.951230409028366,-3.773894296729877,10.077173315625156,2.3129514695039792,0.3410843612608993,5.156747265115765
2024-08-30 18:06:00,14.500620298442762,-29.30699873721531,53.14991511752319,51.562978511228415,15.237876082917303,83.25266656802029,5.749163034161415,2.84683928717798,11.023756613857554,4.4438491414887284,-3.892827227455094,10.027830643985784,3.474422203187833,0.1711496999988901,4.988434865645205
2024-08-31 18:06:00,11.430562265626207,-29.022727240924585,53.76825651075889,55.16868586942659,17.18154625414224,85.1964682048725,6.984951835995551,2.481867726671659,10.658790471217342,3.533317446085189,-3.9759302962185616,10.013481067698812,0.16339600289540224,0.2572769627778815,5.074608048739124
2024-09-01 18:06:00,12.628663684872512,-28.49391762596561,54.70239837599849,60.37230782269101,20.135104849067503,88.2680563755114,7.553314470015301,3.8349471285371113,12.080565872478692,2.0303686533198966,-3.717240375010395,10.392534214458257,3.4484931420343803,0.6372653515822173,5.478335951637503
2024-09-02 18:06:00,16.735445068153133,-27.94149726922833,55.610322193477366,59.740770111398454,20.118298516689848,88.28013059692462,7.412772866622214,2.999978090213957,11.25271631561047,4.623601160970044,-3.74552370185651,10.445978964298767,2.4052341043773238,0.5119533774814333,5.358029692946246
2024-09-03 18:06:00,10.852250413598908,-28.21331959735944,55.68523660849749,59.43709368026916,19.88745293551611,88.05916309345068,5.463536450673982,2.838797753745358,11.09271311890004,3.4617460044582082,-3.906805178182815,10.358542445312422,2.7453752462035186,0.3274706332520209,5.174942311965157
2024-09-04 18:06:00,2.227171349118314,-38.69144827741735,45.55179685636537,13.960943885410064,-14.242981892590322,53.9382281674805,2.0744591804793044,-0.6652002586254251,7.588970782866303,0.5662776303282473,-6.145356493511336,8.191871651743517,0.6874957832565564,-1.0074707241136305,3.840591941496039
2024-09-05 18:06:00,9.788836816599195,-30.462977204812454,54.12669015204501,47.30212977930027,15.24521387378293,83.45040442428898,7.2084164577097365,3.1762861689479958,11.430624827988268,3.1142064075596956,-4.018599390249778,10.38988176212282,1.8323174358730485,0.3681329357574308,5.216892135826488
2024-09-06 18:06:00,13.179600162871925,-30.40069205014954,54.55340919855263,59.13486230624305,15.643678563582815,83.90884135601092,7.741579348840391,2.926549418389265,11.18145733582741,2.2233245394636856,-4.138316763028568,10.34132353253702,3.0344089796762495,0.1981740294921521,5.048603981359198
2024-09-07 18:06:00,11.8953650686933,-30.1159037120048,55.17123374993431,51.121594876453514,17.587347201192436,85.85264452647849,6.7359412128969725,2.5615777255309258,10.816491325539216,2.506764139959108,-4.222201937025833,10.327756061483846,2.465958105444065,0.2843002349419539,5.134778221782306
2024-09-08 18:06:00,14.380670316963176,-29.58621159955545,56.10449311768353,44.77850214214521,20.53993946624408,88.925199026991,9.100444471363181,3.9145385434495807,12.238385310747365,4.335187398321034,-3.9639743591616177,10.70727155158724,1.9237529826162052,0.6641754995411082,5.538619248885865
2024-09-09 18:06:00,12.792004994449904,-29.033200977558664,57.0118266699029,48.45711524132947,20.522835203164107,88.93757117910653,7.053131064509965,3.079512425900031,11.410592833105538,4.831213382872773,-3.992976932046825,10.761435547466846,2.132589381615186,0.5388198255119057,5.418356690123028
2024-09-10 18:06:00,18.01754267918874,-29.304496839195245,57.08621461842851,58.03132142203092,20.29187916974656,88.7167141278764,5.474674664699926,2.918318852893923,11.250602872932618,2.508204425832667,-4.155014715195208,10.674755335302576,2.3214654143947504,0.3543215952414793,5.235284795182952
2024-09-11 18:06:00,5.638153736235781,-39.782132664123495,46.95228201116673,16.820220135369013,-13.83866679416564,54.59589033771199,3.831704813693823,-0.5856823098211508,7.746863687243172,1.188405542199875,-6.3943290618144335,8.508847573024376,1.3297549119422363,-0.9806271463328258,3.900941808922489
2024-09-12 18:06:00,10.896662490046381,-31.55321480689353,55.52672852222128,63.21968132245888,15.649222409214978,84.10837315751309,7.307197334645812,3.2558019824215982,11.588519867695808,4.158230767464728,-4.268335940992549,10.707621665843355,3.9151147130321142,0.3949674353005927,5.277251081490581
2024-09-13 18:06:00,12.58278457097151,-31.490660740491045,55.953178656989344,47.78086998728864,16.046618803009295,84.56787838524062,9.086120058490208,3.00605781945161,11.339359787946208,2.9455725986342887,-4.388818023714896,10.659828146201113,2.1309925852338494,0.2249846581729699,5.108986797885635
2024-09-14 18:06:00,12.366827390003563,-31.20539907010276,56.570529876127466,50.215570153032466,17.990285923950566,86.51168307237651,5.0832308605069105,2.641085992603012,10.974393911648272,4.176947016832255,-4.473466050422104,10.64702352785788,2.1964991691139826,0.3111097927909627,5.195162109140552
2024-09-15 18:06:00,12.908378310433658,-30.67489119990488,57.50297348612816,58.33388101885214,20.94192401833714,89.5851917435541,8.206954800130235,3.9939320877482407,12.396402619629846,2.4470628537930246,-4.215688733611058,11.026989279014446,2.766590407091622,0.69087448979294,5.599113703841288
2024-09-16 18:06:00,14.325204558806115,-30.121338003669727,58.409764464109166,49.71533623901439,20.924525264398213,89.59785838652859,8.919851271010955,3.158850122309823,11.568665989876887,2.269472368696982,-4.245391936106272,11.081853904504058,2.6558429697175225,0.565475903021782,5.478894057820407
2024-09-17 18:06:00,11.466394061371382,-30.39215078024332,58.48366932757178,54.755936201158875,20.69346002020091,89.3771105460782,5.898010857882786,2.997643583921064,11.40868899508662,1.9034337444249554,-4.408167246166226,10.99591121925136,2.8820296705292905,0.380962430183537,5.295837405448149
2024-09-18 18:06:00,5.753622740607536,-40.869334832256975,48.34928494739541,23.94171413874247,-13.437195848218051,55.25639666042056,2.5869157361544928,-0.506360668389005,7.904952898992168,1.81948952178305,-6.648226007487853,8.830747871675559,1.2576419012184803,-0.9539935982830892,3.961501706080006
2024-09-19 18:06:00,13.678924389755585,-32.64000845910138,56.92332294252434,42.191391509677594,16.05039009858531,84.76918273679892,9.516332949359963,3.3351215282077358,11.746611175090813,2.9236999909450567,-4.522978409441828,11.030267487270397,2.7910119401247595,0.4215920303477323,5.337819931650696
2024-09-20 18:06:00,9.616960584224648,-32.57721430792726,57.34953299252076,54.0647257961698,16.446728771695696,85.22974568521039,7.2361566261211285,3.085370100722951,11.497458359856008,2.7817339075852816,-4.644206744024748,10.983220219488729,2.3252402500889087,0.251585753573889,5.1695791476919695
2024-09-21 18:06:00,13.16257139438001,-32.29151796267526,57.96644953679517,63.27170384442954,18.390394393039607,87.17355187194363,6.539693804795346,2.720398138306786,11.13249261912564,4.299061893796572,-4.72959958905879,10.97116041947233,2.8863005602338867,0.3377098043688149,5.255755542769954
2024-09-22 18:06:00,18.993328463120676,-31.76025403720813,58.89813709152662,58.912525242448126,21.341090519771733,90.24800251077568,6.743366276853493,4.073133234947093,12.554612325612135,2.415713040761991,-4.4722618645700845,11.351565762951235,4.658289901813822,0.7173664460435885,5.659815192797893
2024-09-23 18:06:00,8.97736869333741,-31.20620076836948,59.80442799690413,48.14399669756878,21.32340073492448,90.26096018465849,7.2439359039130995,3.2379966216991667,11.726930343668688,2.487200129511703,-4.502648432126908,11.407113753502458,3.0354128888064684,0.5919257241471838,5.539637681902259
2024-09-24 18:06:00,15.44616835930177,-31.476569087233685,59.87788840265735,60.01430728616661,21.092227529590534,90.04032030534475,7.491435687216553,3.076777382533616,11.56696604965521,3.356972482762949,-4.666143728502977,11.321891054565873,3.022334137938863,0.4073972498609493,5.356596030977991
2024-09-25 18:06:00,6.882591666545787,-41.95333793260205,49.74308881583568,20.076516330642804,-13.038537003423135,55.91971508428181,2.8478727747883017,-0.4272299000597175,8.063232983844022,2.255792471463721,-6.906929481191035,9.157454698356506,3.0452506692242793,-0.9275659688539116,4.022267521858083
2024-09-26 18:06:00,10.763656361302754,-33.723637063661286,58.31675231517946,51.93749837026899,16.448749018915173,85.43280108512522,7.524162410885652,3.4142502396465417,11.90489331683315,4.656607528501064,-4.782410115177507,11.35770254598384,1.7812603672796516,0.4480108310892605,5.398594576116421
